id,kode_provinsi,nama_provinsi,kode_kabupaten_kota,nama_kabupaten_kota,pendidikan,jumlah_pengangguran,satuan,tahun
1567,32,JAWA BARAT,3201,KABUPATEN BOGOR,SD KE BAWAH,43083,ORANG,2024
1568,32,JAWA BARAT,3201,KABUPATEN BOGOR,SMP,31436,ORANG,2024
1569,32,JAWA BARAT,3201,KABUPATEN BOGOR,SMA (UMUM),52849,ORANG,2024
1570,32,JAWA BARAT,3201,KABUPATEN BOGOR,SMA (KEJURUAN),71606,ORANG,2024
1571,32,JAWA BARAT,3201,KABUPATEN BOGOR,DIPLOMA I/II/III/AKADEMI/UNIVERSITAS,11212,ORANG,2024
1572,32,JAWA BARAT,3202,KABUPATEN SUKABUMI,SD KE BAWAH,17981,ORANG,2024
1573,32,JAWA BARAT,3202,KABUPATEN SUKABUMI,SMP,8646,ORANG,2024
1574,32,JAWA BARAT,3202,KABUPATEN SUKABUMI,SMA (UMUM),43751,ORANG,2024
1575,32,JAWA BARAT,3202,KABUPATEN SUKABUMI,SMA (KEJURUAN),31314,ORANG,2024
1576,32,JAWA BARAT,3202,KABUPATEN SUKABUMI,DIPLOMA I/II/III/AKADEMI/UNIVERSITAS,5858,ORANG,2024
1577,32,JAWA BARAT,3203,KABUPATEN CIANJUR,SD KE BAWAH,32949,ORANG,2024
1578,32,JAWA BARAT,3203,KABUPATEN CIANJUR,SMP,22221,ORANG,2024
1579,32,JAWA BARAT,3203,KABUPATEN CIANJUR,SMA (UMUM),10572,ORANG,2024
1580,32,JAWA BARAT,3203,KABUPATEN CIANJUR,SMA (KEJURUAN),15461,ORANG,2024
1581,32,JAWA BARAT,3203,KABUPATEN CIANJUR,DIPLOMA I/II/III/AKADEMI/UNIVERSITAS,3578,ORANG,2024
1582,32,JAWA BARAT,3204,KABUPATEN BANDUNG,SD KE BAWAH,21064,ORANG,2024
1583,32,JAWA BARAT,3204,KABUPATEN BANDUNG,SMP,34302,ORANG,2024
1584,32,JAWA BARAT,3204,KABUPATEN BANDUNG,SMA (UMUM),36707,ORANG,2024
1585,32,JAWA BARAT,3204,KABUPATEN BANDUNG,SMA (KEJURUAN),23932,ORANG,2024
1586,32,JAWA BARAT,3204,KABUPATEN BANDUNG,DIPLOMA I/II/III/AKADEMI/UNIVERSITAS,5450,ORANG,2024
1587,32,JAWA BARAT,3205,KABUPATEN GARUT,SD KE BAWAH,11243,ORANG,2024
1588,32,JAWA BARAT,3205,KABUPATEN GARUT,SMP,24917,ORANG,2024
1589,32,JAWA BARAT,3205,KABUPATEN GARUT,SMA (UMUM),23986,ORANG,2024
1590,32,JAWA BARAT,3205,KABUPATEN GARUT,SMA (KEJURUAN),36750,ORANG,2024
1591,32,JAWA BARAT,3205,KABUPATEN GARUT,DIPLOMA I/II/III/AKADEMI/UNIVERSITAS,3212,ORANG,2024
1592,32,JAWA BARAT,3206,KABUPATEN TASIKMALAYA,SD KE BAWAH,7773,ORANG,2024
1593,32,JAWA BARAT,3206,KABUPATEN TASIKMALAYA,SMP,6290,ORANG,2024
1594,32,JAWA BARAT,3206,KABUPATEN TASIKMALAYA,SMA (UMUM),15662,ORANG,2024
1595,32,JAWA BARAT,3206,KABUPATEN TASIKMALAYA,SMA (KEJURUAN),8601,ORANG,2024
1596,32,JAWA BARAT,3206,KABUPATEN TASIKMALAYA,DIPLOMA I/II/III/AKADEMI/UNIVERSITAS,0,ORANG,2024
1597,32,JAWA BARAT,3207,KABUPATEN CIAMIS,SD KE BAWAH,3078,ORANG,2024
1598,32,JAWA BARAT,3207,KABUPATEN CIAMIS,SMP,2391,ORANG,2024
1599,32,JAWA BARAT,3207,KABUPATEN CIAMIS,SMA (UMUM),6404,ORANG,2024
1600,32,JAWA BARAT,3207,KABUPATEN CIAMIS,SMA (KEJURUAN),9335,ORANG,2024
1601,32,JAWA BARAT,3207,KABUPATEN CIAMIS,DIPLOMA I/II/III/AKADEMI/UNIVERSITAS,1766,ORANG,2024
1602,32,JAWA BARAT,3208,KABUPATEN KUNINGAN,SD KE BAWAH,11108,ORANG,2024
1603,32,JAWA BARAT,3208,KABUPATEN KUNINGAN,SMP,9406,ORANG,2024
1604,32,JAWA BARAT,3208,KABUPATEN KUNINGAN,SMA (UMUM),12370,ORANG,2024
1605,32,JAWA BARAT,3208,KABUPATEN KUNINGAN,SMA (KEJURUAN),13069,ORANG,2024
1606,32,JAWA BARAT,3208,KABUPATEN KUNINGAN,DIPLOMA I/II/III/AKADEMI/UNIVERSITAS,2153,ORANG,2024
1607,32,JAWA BARAT,3209,KABUPATEN CIREBON,SD KE BAWAH,17284,ORANG,2024
1608,32,JAWA BARAT,3209,KABUPATEN CIREBON,SMP,17620,ORANG,2024
1609,32,JAWA BARAT,3209,KABUPATEN CIREBON,SMA (UMUM),15448,ORANG,2024
1610,32,JAWA BARAT,3209,KABUPATEN CIREBON,SMA (KEJURUAN),29974,ORANG,2024
1611,32,JAWA BARAT,3209,KABUPATEN CIREBON,DIPLOMA I/II/III/AKADEMI/UNIVERSITAS,4667,ORANG,2024
1612,32,JAWA BARAT,3210,KABUPATEN MAJALENGKA,SD KE BAWAH,4466,ORANG,2024
1613,32,JAWA BARAT,3210,KABUPATEN MAJALENGKA,SMP,5908,ORANG,2024
1614,32,JAWA BARAT,3210,KABUPATEN MAJALENGKA,SMA (UMUM),8641,ORANG,2024
1615,32,JAWA BARAT,3210,KABUPATEN MAJALENGKA,SMA (KEJURUAN),9550,ORANG,2024
1616,32,JAWA BARAT,3210,KABUPATEN MAJALENGKA,DIPLOMA I/II/III/AKADEMI/UNIVERSITAS,1079,ORANG,2024
1617,32,JAWA BARAT,3211,KABUPATEN SUMEDANG,SD KE BAWAH,5151,ORANG,2024
1618,32,JAWA BARAT,3211,KABUPATEN SUMEDANG,SMP,5891,ORANG,2024
1619,32,JAWA BARAT,3211,KABUPATEN SUMEDANG,SMA (UMUM),9828,ORANG,2024
1620,32,JAWA BARAT,3211,KABUPATEN SUMEDANG,SMA (KEJURUAN),16151,ORANG,2024
1621,32,JAWA BARAT,3211,KABUPATEN SUMEDANG,DIPLOMA I/II/III/AKADEMI/UNIVERSITAS,2795,ORANG,2024
1622,32,JAWA BARAT,3212,KABUPATEN INDRAMAYU,SD KE BAWAH,11505,ORANG,2024
1623,32,JAWA BARAT,3212,KABUPATEN INDRAMAYU,SMP,7611,ORANG,2024
1624,32,JAWA BARAT,3212,KABUPATEN INDRAMAYU,SMA (UMUM),26076,ORANG,2024
1625,32,JAWA BARAT,3212,KABUPATEN INDRAMAYU,SMA (KEJURUAN),15338,ORANG,2024
1626,32,JAWA BARAT,3212,KABUPATEN INDRAMAYU,DIPLOMA I/II/III/AKADEMI/UNIVERSITAS,1492,ORANG,2024
1627,32,JAWA BARAT,3213,KABUPATEN SUBANG,SD KE BAWAH,5171,ORANG,2024
1628,32,JAWA BARAT,3213,KABUPATEN SUBANG,SMP,14494,ORANG,2024
1629,32,JAWA BARAT,3213,KABUPATEN SUBANG,SMA (UMUM),25145,ORANG,2024
1630,32,JAWA BARAT,3213,KABUPATEN SUBANG,SMA (KEJURUAN),16052,ORANG,2024
1631,32,JAWA BARAT,3213,KABUPATEN SUBANG,DIPLOMA I/II/III/AKADEMI/UNIVERSITAS,2398,ORANG,2024
1632,32,JAWA BARAT,3214,KABUPATEN PURWAKARTA,SD KE BAWAH,7213,ORANG,2024
1633,32,JAWA BARAT,3214,KABUPATEN PURWAKARTA,SMP,9639,ORANG,2024
1634,32,JAWA BARAT,3214,KABUPATEN PURWAKARTA,SMA (UMUM),8023,ORANG,2024
1635,32,JAWA BARAT,3214,KABUPATEN PURWAKARTA,SMA (KEJURUAN),13452,ORANG,2024
1636,32,JAWA BARAT,3214,KABUPATEN PURWAKARTA,DIPLOMA I/II/III/AKADEMI/UNIVERSITAS,525,ORANG,2024
1637,32,JAWA BARAT,3215,KABUPATEN KARAWANG,SD KE BAWAH,6644,ORANG,2024
1638,32,JAWA BARAT,3215,KABUPATEN KARAWANG,SMP,20720,ORANG,2024
1639,32,JAWA BARAT,3215,KABUPATEN KARAWANG,SMA (UMUM),23925,ORANG,2024
1640,32,JAWA BARAT,3215,KABUPATEN KARAWANG,SMA (KEJURUAN),40819,ORANG,2024
1641,32,JAWA BARAT,3215,KABUPATEN KARAWANG,DIPLOMA I/II/III/AKADEMI/UNIVERSITAS,8296,ORANG,2024
1642,32,JAWA BARAT,3216,KABUPATEN BEKASI,SD KE BAWAH,16958,ORANG,2024
1643,32,JAWA BARAT,3216,KABUPATEN BEKASI,SMP,5630,ORANG,2024
1644,32,JAWA BARAT,3216,KABUPATEN BEKASI,SMA (UMUM),37550,ORANG,2024
1645,32,JAWA BARAT,3216,KABUPATEN BEKASI,SMA (KEJURUAN),68059,ORANG,2024
1646,32,JAWA BARAT,3216,KABUPATEN BEKASI,DIPLOMA I/II/III/AKADEMI/UNIVERSITAS,14621,ORANG,2024
1647,32,JAWA BARAT,3217,KABUPATEN BANDUNG BARAT,SD KE BAWAH,15277,ORANG,2024
1648,32,JAWA BARAT,3217,KABUPATEN BANDUNG BARAT,SMP,13299,ORANG,2024
1649,32,JAWA BARAT,3217,KABUPATEN BANDUNG BARAT,SMA (UMUM),20914,ORANG,2024
1650,32,JAWA BARAT,3217,KABUPATEN BANDUNG BARAT,SMA (KEJURUAN),15019,ORANG,2024
1651,32,JAWA BARAT,3217,KABUPATEN BANDUNG BARAT,DIPLOMA I/II/III/AKADEMI/UNIVERSITAS,1100,ORANG,2024
1652,32,JAWA BARAT,3218,KABUPATEN PANGANDARAN,SD KE BAWAH,264,ORANG,2024
1653,32,JAWA BARAT,3218,KABUPATEN PANGANDARAN,SMP,869,ORANG,2024
1654,32,JAWA BARAT,3218,KABUPATEN PANGANDARAN,SMA (UMUM),1548,ORANG,2024
1655,32,JAWA BARAT,3218,KABUPATEN PANGANDARAN,SMA (KEJURUAN),1699,ORANG,2024
1656,32,JAWA BARAT,3218,KABUPATEN PANGANDARAN,DIPLOMA I/II/III/AKADEMI/UNIVERSITAS,0,ORANG,2024
1657,32,JAWA BARAT,3271,KOTA BOGOR,SD KE BAWAH,11752,ORANG,2024
1658,32,JAWA BARAT,3271,KOTA BOGOR,SMP,4550,ORANG,2024
1659,32,JAWA BARAT,3271,KOTA BOGOR,SMA (UMUM),10572,ORANG,2024
1660,32,JAWA BARAT,3271,KOTA BOGOR,SMA (KEJURUAN),12971,ORANG,2024
1661,32,JAWA BARAT,3271,KOTA BOGOR,DIPLOMA I/II/III/AKADEMI/UNIVERSITAS,5857,ORANG,2024
1662,32,JAWA BARAT,3272,KOTA SUKABUMI,SD KE BAWAH,3183,ORANG,2024
1663,32,JAWA BARAT,3272,KOTA SUKABUMI,SMP,2766,ORANG,2024
1664,32,JAWA BARAT,3272,KOTA SUKABUMI,SMA (UMUM),3271,ORANG,2024
1665,32,JAWA BARAT,3272,KOTA SUKABUMI,SMA (KEJURUAN),3946,ORANG,2024
1666,32,JAWA BARAT,3272,KOTA SUKABUMI,DIPLOMA I/II/III/AKADEMI/UNIVERSITAS,1381,ORANG,2024
1667,32,JAWA BARAT,3273,KOTA BANDUNG,SD KE BAWAH,4107,ORANG,2024
1668,32,JAWA BARAT,3273,KOTA BANDUNG,SMP,3781,ORANG,2024
1669,32,JAWA BARAT,3273,KOTA BANDUNG,SMA (UMUM),49197,ORANG,2024
1670,32,JAWA BARAT,3273,KOTA BANDUNG,SMA (KEJURUAN),19570,ORANG,2024
1671,32,JAWA BARAT,3273,KOTA BANDUNG,DIPLOMA I/II/III/AKADEMI/UNIVERSITAS,23655,ORANG,2024
1672,32,JAWA BARAT,3274,KOTA CIREBON,SD KE BAWAH,1111,ORANG,2024
1673,32,JAWA BARAT,3274,KOTA CIREBON,SMP,1248,ORANG,2024
1674,32,JAWA BARAT,3274,KOTA CIREBON,SMA (UMUM),5257,ORANG,2024
1675,32,JAWA BARAT,3274,KOTA CIREBON,SMA (KEJURUAN),1737,ORANG,2024
1676,32,JAWA BARAT,3274,KOTA CIREBON,DIPLOMA I/II/III/AKADEMI/UNIVERSITAS,2133,ORANG,2024
1677,32,JAWA BARAT,3275,KOTA BEKASI,SD KE BAWAH,3038,ORANG,2024
1678,32,JAWA BARAT,3275,KOTA BEKASI,SMP,11298,ORANG,2024
1679,32,JAWA BARAT,3275,KOTA BEKASI,SMA (UMUM),32452,ORANG,2024
1680,32,JAWA BARAT,3275,KOTA BEKASI,SMA (KEJURUAN),29554,ORANG,2024
1681,32,JAWA BARAT,3275,KOTA BEKASI,DIPLOMA I/II/III/AKADEMI/UNIVERSITAS,29223,ORANG,2024
1682,32,JAWA BARAT,3276,KOTA DEPOK,SD KE BAWAH,3104,ORANG,2024
1683,32,JAWA BARAT,3276,KOTA DEPOK,SMP,6169,ORANG,2024
1684,32,JAWA BARAT,3276,KOTA DEPOK,SMA (UMUM),11654,ORANG,2024
1685,32,JAWA BARAT,3276,KOTA DEPOK,SMA (KEJURUAN),24528,ORANG,2024
1686,32,JAWA BARAT,3276,KOTA DEPOK,DIPLOMA I/II/III/AKADEMI/UNIVERSITAS,20287,ORANG,2024
1687,32,JAWA BARAT,3277,KOTA CIMAHI,SD KE BAWAH,3018,ORANG,2024
1688,32,JAWA BARAT,3277,KOTA CIMAHI,SMP,2657,ORANG,2024
1689,32,JAWA BARAT,3277,KOTA CIMAHI,SMA (UMUM),9243,ORANG,2024
1690,32,JAWA BARAT,3277,KOTA CIMAHI,SMA (KEJURUAN),8203,ORANG,2024
1691,32,JAWA BARAT,3277,KOTA CIMAHI,DIPLOMA I/II/III/AKADEMI/UNIVERSITAS,4858,ORANG,2024
1692,32,JAWA BARAT,3278,KOTA TASIKMALAYA,SD KE BAWAH,2016,ORANG,2024
1693,32,JAWA BARAT,3278,KOTA TASIKMALAYA,SMP,4364,ORANG,2024
1694,32,JAWA BARAT,3278,KOTA TASIKMALAYA,SMA (UMUM),4072,ORANG,2024
1695,32,JAWA BARAT,3278,KOTA TASIKMALAYA,SMA (KEJURUAN),8714,ORANG,2024
1696,32,JAWA BARAT,3278,KOTA TASIKMALAYA,DIPLOMA I/II/III/AKADEMI/UNIVERSITAS,6478,ORANG,2024
1697,32,JAWA BARAT,3279,KOTA BANJAR,SD KE BAWAH,1174,ORANG,2024
1698,32,JAWA BARAT,3279,KOTA BANJAR,SMP,571,ORANG,2024
1699,32,JAWA BARAT,3279,KOTA BANJAR,SMA (UMUM),1624,ORANG,2024
1700,32,JAWA BARAT,3279,KOTA BANJAR,SMA (KEJURUAN),1528,ORANG,2024
1701,32,JAWA BARAT,3279,KOTA BANJAR,DIPLOMA I/II/III/AKADEMI/UNIVERSITAS,1070,ORANG,2024
